word,IDF
and,1.0394788109737874
to,1.0529925301405103
in,1.0946652265410783
the,1.1234441910911217
of,1.1381503384808171
that,1.1606231943328758
my,1.2643016238077172
but,1.3338949156069124
not,1.4382549309311554
with,1.4483052667846568
for,1.4483052667846568
is,1.468714138415864
so,1.5775169982646629
love,1.60077386042893
thy,1.6245845091226485
thou,1.6245845091226485
me,1.6245845091226485
thee,1.6739772644522253
be,1.6739772644522253
all,1.7259370033829362
as,1.7259370033829362
this,1.7529656757708554
which,1.7807452398779313
when,1.7949298748698876
by,1.8537703748928211
from,1.916290731874155
it,1.949080554697146
on,1.949080554697146
do,1.965887673013527
his,2.0003738490846965
have,2.018073426184097
doth,2.073133203367125
no,2.073133203367125
then,2.073133203367125
what,2.1115994841949206
if,2.1314021114911004
are,2.1314021114911004
or,2.15160481880862
sweet,2.2147837204301517
yet,2.2592354830009853
more,2.2592354830009853
mine,2.35454566280531
hath,2.4058389571928607
than,2.4058389571928607
art,2.4058389571928607
their,2.4058389571928607
eyes,2.432507204275022
can,2.432507204275022
time,2.432507204275022
make,2.459906178463137
beauty,2.459906178463137
will,2.459906178463137
shall,2.459906178463137
where,2.488077055429833
they,2.488077055429833
you,2.488077055429833
now,2.517064592303085
fair,2.5469175554527665
how,2.5469175554527665
still,2.57768921411952
true,2.57768921411952
thine,2.57768921411952
your,2.57768921411952
nor,2.6094379124341005
those,2.6422277352570913
though,2.6422277352570913
should,2.6422277352570913
heart,2.6761292869327726
such,2.6761292869327726
like,2.6761292869327726
him,2.7112206067440425
being,2.7112206067440425
eye,2.7112206067440425
every,2.7475882509149177
am,2.7475882509149177
was,2.7853285788977646
see,2.7853285788977646
who,2.7853285788977646
upon,2.7853285788977646
say,2.7853285788977646
he,2.8245492920510458
one,2.8245492920510458
give,2.8245492920510458
live,2.8245492920510458
even,2.8245492920510458
may,2.8245492920510458
most,2.865371286571301
let,2.865371286571301
since,2.865371286571301
loves,2.865371286571301
her,2.865371286571301
own,2.865371286571301
at,2.865371286571301
were,2.907930900990097
ill,2.907930900990097
some,2.907930900990097
might,2.907930900990097
well,2.9523826635609307
times,2.9523826635609307
did,2.9523826635609307
praise,2.9523826635609307
dear,2.9989026791958238
thus,2.9989026791958238
dost,2.9989026791958238
must,3.0476928433652555
look,3.0476928433652555
old,3.0476928433652555
much,3.098986137752806
show,3.098986137752806
made,3.098986137752806
there,3.098986137752806
world,3.098986137752806
day,3.098986137752806
alone,3.098986137752806
would,3.098986137752806
best,3.098986137752806
truth,3.153053359023082
life,3.153053359023082
too,3.153053359023082
worth,3.153053359023082
part,3.153053359023082
know,3.153053359023082
days,3.153053359023082
whose,3.153053359023082
away,3.153053359023082
new,3.153053359023082
beautys,3.2102117728630306
them,3.2102117728630306
sight,3.2102117728630306
hast,3.2102117728630306
find,3.2102117728630306
night,3.2102117728630306
false,3.2102117728630306
an,3.2102117728630306
hand,3.2102117728630306
thoughts,3.270836394679465
nothing,3.270836394679465
men,3.270836394679465
better,3.270836394679465
out,3.270836394679465
poor,3.270836394679465
she,3.270836394679465
these,3.270836394679465
myself,3.270836394679465
face,3.270836394679465
thought,3.270836394679465
dead,3.3353749158170367
name,3.3353749158170367
why,3.3353749158170367
good,3.3353749158170367
verse,3.3353749158170367
think,3.3353749158170367
far,3.3353749158170367
both,3.3353749158170367
each,3.3353749158170367
therefore,3.3353749158170367
things,3.3353749158170367
other,3.3353749158170367
death,3.3353749158170367
up,3.3353749158170367
thyself,3.3353749158170367
tell,3.3353749158170367
youth,3.404367787303988
before,3.404367787303988
come,3.404367787303988
never,3.404367787303988
prove,3.404367787303988
lie,3.404367787303988
use,3.404367787303988
proud,3.404367787303988
our,3.404367787303988
gentle,3.404367787303988
age,3.404367787303988
heaven,3.404367787303988
till,3.404367787303988
mind,3.47847575945771
bear,3.47847575945771
thing,3.47847575945771
whilst,3.47847575945771
others,3.47847575945771
die,3.47847575945771
hours,3.47847575945771
full,3.47847575945771
take,3.47847575945771
summers,3.5585184671312464
change,3.5585184671312464
had,3.5585184671312464
state,3.5585184671312464
seem,3.5585184671312464
mayst,3.5585184671312464
hate,3.5585184671312464
none,3.5585184671312464
ever,3.5585184671312464
friend,3.5585184671312464
making,3.5585184671312464
whom,3.5585184671312464
we,3.5585184671312464
lies,3.5585184671312464
against,3.5585184671312464
rich,3.5585184671312464
after,3.645529844120876
wilt,3.645529844120876
self,3.645529844120876
shalt,3.645529844120876
within,3.645529844120876
muse,3.645529844120876
nature,3.645529844120876
desire,3.645529844120876
pleasure,3.645529844120876
pen,3.645529844120876
call,3.645529844120876
grace,3.645529844120876
deeds,3.645529844120876
pride,3.645529844120876
long,3.645529844120876
sun,3.645529844120876
knows,3.645529844120876
great,3.645529844120876
place,3.645529844120876
end,3.645529844120876
shame,3.645529844120876
form,3.645529844120876
tongue,3.645529844120876
any,3.645529844120876
spirit,3.645529844120876
hold,3.645529844120876
another,3.645529844120876
many,3.740840023925201
although,3.740840023925201
stay,3.740840023925201
gone,3.740840023925201
black,3.740840023925201
right,3.740840023925201
loving,3.740840023925201
keep,3.740840023925201
lives,3.740840023925201
makes,3.740840023925201
first,3.740840023925201
once,3.740840023925201
could,3.740840023925201
leave,3.740840023925201
cannot,3.740840023925201
seen,3.740840023925201
write,3.740840023925201
decay,3.740840023925201
happy,3.740840023925201
tis,3.740840023925201
grow,3.846200539583027
brow,3.846200539583027
woe,3.846200539583027
beauteous,3.846200539583027
delight,3.846200539583027
leaves,3.846200539583027
lovely,3.846200539583027
speak,3.846200539583027
glory,3.846200539583027
child,3.846200539583027
earth,3.846200539583027
blood,3.846200539583027
stand,3.846200539583027
save,3.846200539583027
looks,3.846200539583027
hearts,3.846200539583027
power,3.846200539583027
cruel,3.846200539583027
again,3.846200539583027
bring,3.846200539583027
strong,3.846200539583027
bright,3.846200539583027
without,3.846200539583027
lose,3.846200539583027
skill,3.846200539583027
treasure,3.846200539583027
view,3.846200539583027
summer,3.846200539583027
store,3.846200539583027
past,3.9639835752394106
glass,3.9639835752394106
lest,3.9639835752394106
very,3.9639835752394106
kind,3.9639835752394106
sing,3.9639835752394106
steal,3.9639835752394106
back,3.9639835752394106
breast,3.9639835752394106
faults,3.9639835752394106
soul,3.9639835752394106
fresh,3.9639835752394106
virtue,3.9639835752394106
disgrace,3.9639835752394106
ah,3.9639835752394106
hell,3.9639835752394106
wide,3.9639835752394106
cold,3.9639835752394106
fear,3.9639835752394106
put,3.9639835752394106
found,3.9639835752394106
born,3.9639835752394106
thence,3.9639835752394106
flowers,3.9639835752394106
memory,3.9639835752394106
joy,3.9639835752394106
living,3.9639835752394106
itself,3.9639835752394106
forth,3.9639835752394106
foul,3.9639835752394106
straight,3.9639835752394106
lines,3.9639835752394106
gives,3.9639835752394106
sad,3.9639835752394106
behold,3.9639835752394106
blessed,4.097514967863933
dwell,4.097514967863933
same,4.097514967863933
return,4.097514967863933
deaths,4.097514967863933
deep,4.097514967863933
war,4.097514967863933
blind,4.097514967863933
outward,4.097514967863933
gainst,4.097514967863933
fire,4.097514967863933
shadow,4.097514967863933
shows,4.097514967863933
longer,4.097514967863933
worst,4.097514967863933
dumb,4.097514967863933
bad,4.097514967863933
wrong,4.097514967863933
else,4.097514967863933
seeing,4.097514967863933
strange,4.097514967863933
hope,4.097514967863933
under,4.097514967863933
breath,4.097514967863933
been,4.097514967863933
hear,4.097514967863933
way,4.097514967863933
set,4.097514967863933
fortune,4.097514967863933
two,4.097514967863933
canst,4.097514967863933
strength,4.097514967863933
through,4.097514967863933
judgment,4.097514967863933
waste,4.097514967863933
argument,4.097514967863933
lovest,4.097514967863933
despite,4.097514967863933
oer,4.097514967863933
while,4.097514967863933
words,4.097514967863933
compare,4.097514967863933
sake,4.097514967863933
unless,4.097514967863933
due,4.097514967863933
tender,4.097514967863933
sin,4.097514967863933
natures,4.097514967863933
taught,4.097514967863933
parts,4.097514967863933
precious,4.097514967863933
rhyme,4.097514967863933
themselves,4.097514967863933
enough,4.097514967863933
only,4.097514967863933
go,4.097514967863933
having,4.097514967863933
spent,4.097514967863933
head,4.097514967863933
writ,4.097514967863933
rest,4.097514967863933
heavy,4.097514967863933
rose,4.097514967863933
light,4.097514967863933
painted,4.251665647691191
subject,4.251665647691191
care,4.251665647691191
sometime,4.251665647691191
worthy,4.251665647691191
done,4.251665647691191
hence,4.251665647691191
absence,4.251665647691191
sweets,4.251665647691191
spend,4.251665647691191
motion,4.251665647691191
fears,4.251665647691191
date,4.251665647691191
boast,4.251665647691191
invention,4.251665647691191
speaking,4.251665647691191
gave,4.251665647691191
cheek,4.251665647691191
golden,4.251665647691191
gracious,4.251665647691191
shouldst,4.251665647691191
year,4.251665647691191
heavens,4.251665647691191
less,4.251665647691191
wherein,4.251665647691191
mens,4.251665647691191
quite,4.251665647691191
man,4.251665647691191
loss,4.251665647691191
mortal,4.251665647691191
near,4.251665647691191
friends,4.251665647691191
hue,4.251665647691191
grew,4.251665647691191
spring,4.251665647691191
purpose,4.251665647691191
excuse,4.251665647691191
scope,4.251665647691191
antique,4.251665647691191
wrinkles,4.251665647691191
side,4.251665647691191
pain,4.251665647691191
read,4.251665647691191
hide,4.251665647691191
winters,4.251665647691191
slave,4.251665647691191
graces,4.251665647691191
ere,4.251665647691191
wit,4.251665647691191
dull,4.251665647691191
least,4.251665647691191
loved,4.251665647691191
yourself,4.251665647691191
eternal,4.251665647691191
doom,4.251665647691191
play,4.251665647691191
need,4.251665647691191
beloved,4.251665647691191
calls,4.251665647691191
roses,4.251665647691191
merit,4.251665647691191
left,4.251665647691191
swear,4.251665647691191
wealth,4.251665647691191
lips,4.251665647691191
chide,4.251665647691191
pity,4.251665647691191
book,4.251665647691191
fell,4.251665647691191
lend,4.251665647691191
keeps,4.251665647691191
sick,4.251665647691191
shape,4.251665647691191
rank,4.251665647691191
green,4.251665647691191
base,4.251665647691191
mistress,4.251665647691191
ornament,4.251665647691191
oft,4.251665647691191
rage,4.251665647691191
tomb,4.251665647691191
kill,4.251665647691191
grief,4.251665647691191
barren,4.251665647691191
trust,4.251665647691191
painting,4.251665647691191
saw,4.251665647691191
says,4.251665647691191
into,4.251665647691191
above,4.433987204485146
mark,4.433987204485146
knowst,4.433987204485146
laid,4.433987204485146
grown,4.433987204485146
moan,4.433987204485146
substance,4.433987204485146
faith,4.433987204485146
sea,4.433987204485146
knowing,4.433987204485146
win,4.433987204485146
buried,4.433987204485146
worlds,4.433987204485146
count,4.433987204485146
break,4.433987204485146
took,4.433987204485146
report,4.433987204485146
reason,4.433987204485146
worms,4.433987204485146
add,4.433987204485146
shine,4.433987204485146
praises,4.433987204485146
souls,4.433987204485146
spite,4.433987204485146
white,4.433987204485146
told,4.433987204485146
works,4.433987204485146
comfort,4.433987204485146
thief,4.433987204485146
just,4.433987204485146
lease,4.433987204485146
canker,4.433987204485146
story,4.433987204485146
errors,4.433987204485146
whether,4.433987204485146
short,4.433987204485146
sum,4.433987204485146
smell,4.433987204485146
present,4.433987204485146
inward,4.433987204485146
abundance,4.433987204485146
young,4.433987204485146
minutes,4.433987204485146
methinks,4.433987204485146
jewel,4.433987204485146
music,4.433987204485146
numbers,4.433987204485146
lovers,4.433987204485146
cheeks,4.433987204485146
down,4.433987204485146
evil,4.433987204485146
body,4.433987204485146
gift,4.433987204485146
removed,4.433987204485146
truly,4.433987204485146
blame,4.433987204485146
clouds,4.433987204485146
said,4.433987204485146
holds,4.433987204485146
song,4.433987204485146
cure,4.433987204485146
prime,4.433987204485146
brass,4.433987204485146
appear,4.433987204485146
hour,4.433987204485146
want,4.433987204485146
beauties,4.433987204485146
winter,4.433987204485146
tears,4.433987204485146
single,4.433987204485146
assured,4.433987204485146
leisure,4.433987204485146
holy,4.433987204485146
touches,4.433987204485146
lays,4.433987204485146
wish,4.433987204485146
brain,4.433987204485146
here,4.433987204485146
frame,4.433987204485146
lost,4.433987204485146
common,4.433987204485146
believe,4.433987204485146
birth,4.433987204485146
forgot,4.433987204485146
water,4.433987204485146
lived,4.433987204485146
weary,4.433987204485146
minds,4.433987204485146
seek,4.433987204485146
bare,4.433987204485146
image,4.433987204485146
flower,4.433987204485146
scythe,4.433987204485146
large,4.433987204485146
knife,4.433987204485146
fast,4.433987204485146
honour,4.433987204485146
sovereign,4.433987204485146
stars,4.433987204485146
needs,4.433987204485146
sweetest,4.433987204485146
account,4.433987204485146
tongues,4.433987204485146
sorrow,4.433987204485146
rare,4.433987204485146
grant,4.433987204485146
swift,4.433987204485146
grows,4.433987204485146
behind,4.433987204485146
lends,4.433987204485146
pluck,4.433987204485146
respect,4.433987204485146
please,4.433987204485146
tonguetied,4.433987204485146
fairest,4.433987204485146
buds,4.433987204485146
rehearse,4.433987204485146
given,4.433987204485146
heat,4.433987204485146
lack,4.433987204485146
increase,4.433987204485146
worse,4.433987204485146
crime,4.433987204485146
rude,4.433987204485146
unused,4.433987204485146
taste,4.433987204485146
gain,4.433987204485146
filld,4.657130755799356
dare,4.657130755799356
vulgar,4.657130755799356
thrice,4.657130755799356
character,4.657130755799356
poets,4.657130755799356
ear,4.657130755799356
turn,4.657130755799356
main,4.657130755799356
free,4.657130755799356
thinking,4.657130755799356
sail,4.657130755799356
repair,4.657130755799356
wherefore,4.657130755799356
fight,4.657130755799356
triumph,4.657130755799356
whence,4.657130755799356
evermore,4.657130755799356
mend,4.657130755799356
whereto,4.657130755799356
line,4.657130755799356
mock,4.657130755799356
ten,4.657130755799356
decease,4.657130755799356
bonds,4.657130755799356
feeding,4.657130755799356
greet,4.657130755799356
despair,4.657130755799356
soon,4.657130755799356
posterity,4.657130755799356
tend,4.657130755799356
whereon,4.657130755799356
absent,4.657130755799356
haply,4.657130755799356
shore,4.657130755799356
flame,4.657130755799356
stoln,4.657130755799356
distilld,4.657130755799356
almost,4.657130755799356
woman,4.657130755799356
toil,4.657130755799356
seasons,4.657130755799356
fame,4.657130755799356
bosoms,4.657130755799356
cunning,4.657130755799356
star,4.657130755799356
advantage,4.657130755799356
basest,4.657130755799356
taken,4.657130755799356
seemd,4.657130755799356
clear,4.657130755799356
bears,4.657130755799356
grave,4.657130755799356
looking,4.657130755799356
wonder,4.657130755799356
sure,4.657130755799356
burn,4.657130755799356
used,4.657130755799356
wear,4.657130755799356
weeds,4.657130755799356
cause,4.657130755799356
witness,4.657130755799356
because,4.657130755799356
expressd,4.657130755799356
confined,4.657130755799356
anothers,4.657130755799356
heavenly,4.657130755799356
matter,4.657130755799356
public,4.657130755799356
fairer,4.657130755799356
brought,4.657130755799356
outlive,4.657130755799356
slow,4.657130755799356
amiss,4.657130755799356
prize,4.657130755799356
infection,4.657130755799356
remain,4.657130755799356
receives,4.657130755799356
maiden,4.657130755799356
means,4.657130755799356
fortunes,4.657130755799356
anew,4.657130755799356
air,4.657130755799356
burden,4.657130755799356
bearing,4.657130755799356
general,4.657130755799356
work,4.657130755799356
plague,4.657130755799356
dark,4.657130755799356
hot,4.657130755799356
turns,4.657130755799356
stone,4.657130755799356
pay,4.657130755799356
weep,4.657130755799356
stands,4.657130755799356
twain,4.657130755799356
thorns,4.657130755799356
bodys,4.657130755799356
father,4.657130755799356
silence,4.657130755799356
despised,4.657130755799356
contented,4.657130755799356
princes,4.657130755799356
bloody,4.657130755799356
manners,4.657130755799356
help,4.657130755799356
tired,4.657130755799356
half,4.657130755799356
knowledge,4.657130755799356
rain,4.657130755799356
farther,4.657130755799356
mourn,4.657130755799356
approve,4.657130755799356
blest,4.657130755799356
unkind,4.657130755799356
west,4.657130755799356
cross,4.657130755799356
high,4.657130755799356
weed,4.657130755799356
forsworn,4.657130755799356
therein,4.657130755799356
sleep,4.657130755799356
yours,4.657130755799356
wound,4.657130755799356
moon,4.657130755799356
effect,4.657130755799356
mothers,4.657130755799356
growth,4.657130755799356
seeming,4.657130755799356
sinful,4.657130755799356
brand,4.657130755799356
ground,4.657130755799356
conceit,4.657130755799356
shake,4.657130755799356
forbid,4.657130755799356
frown,4.657130755799356
wretched,4.657130755799356
brief,4.657130755799356
pace,4.657130755799356
stain,4.657130755799356
cover,4.657130755799356
thousand,4.657130755799356
blunt,4.657130755799356
constancy,4.657130755799356
groan,4.657130755799356
constant,4.657130755799356
neer,4.657130755799356
favour,4.657130755799356
confounds,4.657130755799356
among,4.657130755799356
heir,4.657130755799356
flatter,4.657130755799356
chest,4.657130755799356
steel,4.657130755799356
fill,4.657130755799356
plea,4.657130755799356
expense,4.657130755799356
course,4.657130755799356
fault,4.657130755799356
draw,4.657130755799356
virtuous,4.657130755799356
former,4.657130755799356
kept,4.657130755799356
husband,4.657130755799356
appetite,4.657130755799356
murderous,4.657130755799356
control,4.657130755799356
dearest,4.657130755799356
babe,4.657130755799356
birds,4.657130755799356
foot,4.657130755799356
audit,4.657130755799356
haste,4.657130755799356
shadows,4.657130755799356
wouldst,4.657130755799356
abuse,4.657130755799356
fool,4.657130755799356
answer,4.657130755799356
proof,4.657130755799356
record,4.657130755799356
ride,4.657130755799356
edge,4.657130755799356
losing,4.657130755799356
boy,4.657130755799356
odour,4.657130755799356
got,4.657130755799356
crownd,4.657130755799356
eternity,4.657130755799356
height,4.657130755799356
daily,4.657130755799356
second,4.657130755799356
complexion,4.657130755799356
simple,4.657130755799356
lo,4.657130755799356
growing,4.657130755799356
sense,4.657130755799356
conquest,4.657130755799356
quick,4.657130755799356
lawful,4.657130755799356
alack,4.657130755799356
desert,4.657130755799356
injury,4.657130755799356
takes,4.657130755799356
shade,4.657130755799356
nought,4.657130755799356
drawn,4.657130755799356
proved,4.657130755799356
blot,4.657130755799356
ocean,4.657130755799356
rememberd,4.657130755799356
home,4.657130755799356
eat,4.657130755799356
foes,4.657130755799356
april,4.657130755799356
bastard,4.657130755799356
tyrant,4.657130755799356
greater,4.657130755799356
style,4.657130755799356
cost,4.657130755799356
pass,4.657130755799356
teach,4.657130755799356
didst,4.657130755799356
hang,4.657130755799356
son,4.657130755799356
ease,4.944812828251137
sensual,4.944812828251137
sins,4.944812828251137
enemies,4.944812828251137
cry,4.944812828251137
windows,4.944812828251137
stealing,4.944812828251137
bark,4.944812828251137
number,4.944812828251137
cries,4.944812828251137
bath,4.944812828251137
owners,4.944812828251137
crooked,4.944812828251137
stores,4.944812828251137
finds,4.944812828251137
towards,4.944812828251137
unlookd,4.944812828251137
built,4.944812828251137
deceased,4.944812828251137
usurer,4.944812828251137
counting,4.944812828251137
allow,4.944812828251137
ransom,4.944812828251137
womb,4.944812828251137
twixt,4.944812828251137
perfection,4.944812828251137
flies,4.944812828251137
sort,4.944812828251137
commits,4.944812828251137
feeds,4.944812828251137
offences,4.944812828251137
dust,4.944812828251137
desired,4.944812828251137
attending,4.944812828251137
added,4.944812828251137
autumn,4.944812828251137
last,4.944812828251137
newer,4.944812828251137
express,4.944812828251137
ye,4.944812828251137
quest,4.944812828251137
yield,4.944812828251137
thereby,4.944812828251137
creation,4.944812828251137
wrought,4.944812828251137
divine,4.944812828251137
unkindness,4.944812828251137
gavest,4.944812828251137
clock,4.944812828251137
fine,4.944812828251137
vassal,4.944812828251137
liberty,4.944812828251137
reasons,4.944812828251137
seat,4.944812828251137
scorn,4.944812828251137
issue,4.944812828251137
temptation,4.944812828251137
red,4.944812828251137
diseased,4.944812828251137
learning,4.944812828251137
adjunct,4.944812828251137
majesty,4.944812828251137
health,4.944812828251137
something,4.944812828251137
captain,4.944812828251137
changing,4.944812828251137
bide,4.944812828251137
supposed,4.944812828251137
fading,4.944812828251137
profaned,4.944812828251137
lofty,4.944812828251137
fever,4.944812828251137
measure,4.944812828251137
strangely,4.944812828251137
three,4.944812828251137
confound,4.944812828251137
offence,4.944812828251137
sound,4.944812828251137
excellence,4.944812828251137
pale,4.944812828251137
double,4.944812828251137
checkd,4.944812828251137
tells,4.944812828251137
dote,4.944812828251137
sourly,4.944812828251137
hid,4.944812828251137
wrongs,4.944812828251137
morning,4.944812828251137
monument,4.944812828251137
perfect,4.944812828251137
check,4.944812828251137
tatterd,4.944812828251137
sets,4.944812828251137
held,4.944812828251137
growest,4.944812828251137
fortify,4.944812828251137
vouchsafe,4.944812828251137
possessd,4.944812828251137
little,4.944812828251137
guard,4.944812828251137
finding,4.944812828251137
kindness,4.944812828251137
perpetual,4.944812828251137
willing,4.944812828251137
twice,4.944812828251137
king,4.944812828251137
depart,4.944812828251137
mansion,4.944812828251137
aside,4.944812828251137
deceived,4.944812828251137
wretch,4.944812828251137
journey,4.944812828251137
feast,4.944812828251137
sport,4.944812828251137
remembrance,4.944812828251137
stronger,4.944812828251137
creatures,4.944812828251137
rotten,4.944812828251137
feel,4.944812828251137
unfatherd,4.944812828251137
fond,4.944812828251137
hands,4.944812828251137
speechless,4.944812828251137
beast,4.944812828251137
poverty,4.944812828251137
idle,4.944812828251137
inconstant,4.944812828251137
remember,4.944812828251137
bail,4.944812828251137
horse,4.944812828251137
send,4.944812828251137
bent,4.944812828251137
silent,4.944812828251137
belongs,4.944812828251137
possession,4.944812828251137
influence,4.944812828251137
pays,4.944812828251137
bareness,4.944812828251137
obsequious,4.944812828251137
spur,4.944812828251137
walls,4.944812828251137
pent,4.944812828251137
ruind,4.944812828251137
powerful,4.944812828251137
whateer,4.944812828251137
unknown,4.944812828251137
slain,4.944812828251137
doubting,4.944812828251137
serving,4.944812828251137
winds,4.944812828251137
gilded,4.944812828251137
glad,4.944812828251137
vows,4.944812828251137
doing,4.944812828251137
word,4.944812828251137
catch,4.944812828251137
seems,4.944812828251137
bars,4.944812828251137
resembling,4.944812828251137
pleasing,4.944812828251137
thinks,4.944812828251137
clearer,4.944812828251137
oppressd,4.944812828251137
selflove,4.944812828251137
pattern,4.944812828251137
urge,4.944812828251137
noted,4.944812828251137
subjects,4.944812828251137
glance,4.944812828251137
folly,4.944812828251137
frailties,4.944812828251137
goodness,4.944812828251137
speed,4.944812828251137
counterfeit,4.944812828251137
crow,4.944812828251137
worths,4.944812828251137
chief,4.944812828251137
maladies,4.944812828251137
suns,4.944812828251137
besides,4.944812828251137
lords,4.944812828251137
griefs,4.944812828251137
forsake,4.944812828251137
robs,4.944812828251137
bitterness,4.944812828251137
sour,4.944812828251137
mad,4.944812828251137
vainly,4.944812828251137
years,4.944812828251137
watch,4.944812828251137
action,4.944812828251137
deemd,4.944812828251137
imprisond,4.944812828251137
forfeit,4.944812828251137
blamed,4.944812828251137
replete,4.944812828251137
follow,4.944812828251137
trespass,4.944812828251137
aid,4.944812828251137
arts,4.944812828251137
jewels,4.944812828251137
sacred,4.944812828251137
us,4.944812828251137
vex,4.944812828251137
sullen,4.944812828251137
thievish,4.944812828251137
brings,4.944812828251137
aught,4.944812828251137
possessing,4.944812828251137
guilty,4.944812828251137
defence,4.944812828251137
alterd,4.944812828251137
next,4.944812828251137
unrespected,4.944812828251137
off,4.944812828251137
comments,4.944812828251137
truths,4.944812828251137
died,4.944812828251137
fade,4.944812828251137
slander,4.944812828251137
himself,4.944812828251137
ay,4.944812828251137
theirs,4.944812828251137
pilgrimage,4.944812828251137
dyed,4.944812828251137
gaze,4.944812828251137
prepare,4.944812828251137
pencil,4.944812828251137
violet,4.944812828251137
bound,4.944812828251137
womans,4.944812828251137
remove,4.944812828251137
fled,4.944812828251137
borne,4.944812828251137
sway,4.944812828251137
benefit,4.944812828251137
dream,4.944812828251137
lively,4.944812828251137
unseen,4.944812828251137
riper,4.944812828251137
farthest,4.944812828251137
potions,4.944812828251137
shown,4.944812828251137
healthful,4.944812828251137
asleep,4.944812828251137
reserve,4.944812828251137
whats,4.944812828251137
sweetly,4.944812828251137
dearer,4.944812828251137
addition,4.944812828251137
alas,4.944812828251137
content,4.944812828251137
fashion,4.944812828251137
walks,4.944812828251137
breathe,4.944812828251137
giving,4.944812828251137
welcome,4.944812828251137
nay,4.944812828251137
despise,4.944812828251137
created,4.944812828251137
converted,4.944812828251137
drink,4.944812828251137
sit,4.944812828251137
strive,4.944812828251137
affairs,4.944812828251137
either,4.944812828251137
fall,4.944812828251137
colour,4.944812828251137
ages,4.944812828251137
wait,4.944812828251137
suspect,4.944812828251137
depends,4.944812828251137
calld,4.944812828251137
travel,4.944812828251137
meet,4.944812828251137
bold,4.944812828251137
mourners,4.944812828251137
borrowd,4.944812828251137
shaken,4.944812828251137
turnd,4.944812828251137
wind,4.944812828251137
bred,4.944812828251137
mute,4.944812828251137
charter,4.944812828251137
vow,4.944812828251137
mutual,4.944812828251137
anon,4.944812828251137
ink,4.944812828251137
elements,4.944812828251137
acquainted,4.944812828251137
travels,4.944812828251137
prey,4.944812828251137
bosom,4.944812828251137
compounds,4.944812828251137
cast,4.944812828251137
survey,4.944812828251137
forget,4.944812828251137
copy,4.944812828251137
curse,4.944812828251137
bore,4.944812828251137
disdain,4.944812828251137
stage,4.944812828251137
kiss,4.944812828251137
tomorrow,4.944812828251137
sounds,4.944812828251137
yellow,4.944812828251137
makest,4.944812828251137
faces,4.944812828251137
wink,4.944812828251137
razed,4.944812828251137
ears,4.944812828251137
goddess,4.944812828251137
huge,4.944812828251137
receivest,4.944812828251137
title,4.944812828251137
grounded,4.944812828251137
wits,4.944812828251137
interest,4.944812828251137
guest,4.944812828251137
note,4.944812828251137
humour,4.944812828251137
force,4.944812828251137
esteemd,4.944812828251137
praised,4.944812828251137
injuries,4.944812828251137
survive,4.944812828251137
becomes,4.944812828251137
keen,4.944812828251137
guess,4.944812828251137
whereof,4.944812828251137
showers,4.944812828251137
blushing,4.944812828251137
alive,4.944812828251137
vanishd,4.944812828251137
torture,4.944812828251137
miles,4.944812828251137
delights,4.944812828251137
moving,4.944812828251137
petty,4.944812828251137
question,4.944812828251137
patience,4.944812828251137
sworn,4.944812828251137
perfumes,4.944812828251137
slight,4.944812828251137
controlling,4.944812828251137
often,4.944812828251137
quill,4.944812828251137
pine,4.944812828251137
policy,4.944812828251137
abide,4.944812828251137
today,4.944812828251137
married,4.944812828251137
mother,4.944812828251137
learn,4.944812828251137
passd,4.944812828251137
vile,4.944812828251137
defect,4.944812828251137
cloud,4.944812828251137
riches,4.944812828251137
humble,4.944812828251137
deny,4.944812828251137
affords,4.944812828251137
lascivious,4.944812828251137
feeling,4.944812828251137
bounteous,4.944812828251137
leap,4.944812828251137
fixd,4.944812828251137
eyelids,4.944812828251137
remedy,4.944812828251137
discontent,4.944812828251137
heavily,4.944812828251137
morn,4.944812828251137
tie,4.944812828251137
comment,4.944812828251137
reign,4.944812828251137
salve,4.944812828251137
coming,4.944812828251137
level,4.944812828251137
untrue,4.944812828251137
came,4.944812828251137
hymns,4.944812828251137
perjured,4.944812828251137
palate,4.944812828251137
bounty,4.944812828251137
veins,4.944812828251137
wastes,4.944812828251137
sap,4.944812828251137
poet,4.944812828251137
corrupt,4.944812828251137
breed,4.944812828251137
nightly,4.944812828251137
happier,4.944812828251137
outworn,4.944812828251137
root,4.944812828251137
privilege,4.944812828251137
deceive,4.944812828251137
dateless,4.944812828251137
saucy,4.944812828251137
nimble,4.944812828251137
thrive,4.944812828251137
bending,4.944812828251137
envy,4.944812828251137
lay,4.944812828251137
lusty,4.944812828251137
small,4.944812828251137
becoming,4.944812828251137
deserts,4.944812828251137
shines,4.944812828251137
strongly,4.944812828251137
alchemy,4.944812828251137
forbear,4.944812828251137
gold,4.944812828251137
invent,4.944812828251137
churl,4.944812828251137
husbandry,4.944812828251137
five,4.944812828251137
rise,4.944812828251137
neglect,4.944812828251137
sings,4.944812828251137
point,4.944812828251137
pitch,4.944812828251137
belong,4.944812828251137
bow,4.944812828251137
offenders,4.944812828251137
belied,4.944812828251137
contracted,4.944812828251137
elsewhere,4.944812828251137
wise,4.944812828251137
niggard,4.944812828251137
bud,4.944812828251137
bitter,4.944812828251137
lackd,4.944812828251137
weak,4.944812828251137
wail,4.944812828251137
wasteful,4.944812828251137
youthful,4.944812828251137
worthless,4.944812828251137
sweetness,4.944812828251137
repose,4.944812828251137
gilding,4.944812828251137
presence,4.944812828251137
wert,4.944812828251137
hungry,4.944812828251137
canopy,4.944812828251137
leads,4.944812828251137
hideous,4.944812828251137
gay,4.944812828251137
hung,4.944812828251137
betray,4.944812828251137
esteem,4.944812828251137
brave,4.944812828251137
lookd,4.944812828251137
render,4.944812828251137
tyrants,4.944812828251137
broke,4.944812828251137
suffer,4.944812828251137
eithers,4.944812828251137
robbery,4.944812828251137
open,4.944812828251137
wills,4.944812828251137
shun,4.944812828251137
maskd,4.944812828251137
spirits,4.944812828251137
triumphant,4.944812828251137
fierce,4.944812828251137
pure,4.944812828251137
flesh,4.944812828251137
kings,4.944812828251137
stop,4.944812828251137
gross,4.944812828251137
pursuit,4.944812828251137
devise,4.944812828251137
careful,4.944812828251137
concord,4.944812828251137
comes,4.944812828251137
neither,4.944812828251137
falsehood,4.944812828251137
flattery,4.944812828251137
accuse,4.944812828251137
wood,4.944812828251137
wanting,4.944812828251137
plead,4.944812828251137
lead,4.944812828251137
sightless,4.944812828251137
injurious,4.944812828251137
objects,4.944812828251137
shames,4.944812828251137
praising,4.944812828251137
antiquity,4.944812828251137
peace,4.944812828251137
sorrows,4.944812828251137
god,4.944812828251137
fiend,4.944812828251137
torment,4.944812828251137
pretty,4.944812828251137
physic,4.944812828251137
acquaintance,4.944812828251137
accidents,5.350277936359301
discloses,5.350277936359301
cide,5.350277936359301
suit,5.350277936359301
graced,5.350277936359301
pictures,5.350277936359301
trouble,5.350277936359301
committed,5.350277936359301
beside,5.350277936359301
junes,5.350277936359301
fearfully,5.350277936359301
cool,5.350277936359301
heres,5.350277936359301
rolling,5.350277936359301
trenches,5.350277936359301
recured,5.350277936359301
memorial,5.350277936359301
trial,5.350277936359301
commend,5.350277936359301
courses,5.350277936359301
crystal,5.350277936359301
novel,5.350277936359301
blow,5.350277936359301
needy,5.350277936359301
spending,5.350277936359301
wards,5.350277936359301
variation,5.350277936359301
engraft,5.350277936359301
going,5.350277936359301
dancing,5.350277936359301
siege,5.350277936359301
thrall,5.350277936359301
graves,5.350277936359301
cloak,5.350277936359301
accusing,5.350277936359301
windy,5.350277936359301
lasting,5.350277936359301
thereof,5.350277936359301
decays,5.350277936359301
fleece,5.350277936359301
adonis,5.350277936359301
onward,5.350277936359301
durst,5.350277936359301
pitying,5.350277936359301
tallies,5.350277936359301
breathed,5.350277936359301
tame,5.350277936359301
transport,5.350277936359301
boldness,5.350277936359301
messengers,5.350277936359301
struck,5.350277936359301
correction,5.350277936359301
beck,5.350277936359301
inferior,5.350277936359301
fearful,5.350277936359301
miscalld,5.350277936359301
bid,5.350277936359301
worship,5.350277936359301
repent,5.350277936359301
sue,5.350277936359301
wolf,5.350277936359301
advance,5.350277936359301
lark,5.350277936359301
sable,5.350277936359301
assure,5.350277936359301
returnd,5.350277936359301
bettering,5.350277936359301
ruinate,5.350277936359301
room,5.350277936359301
stops,5.350277936359301
wasted,5.350277936359301
dimmd,5.350277936359301
deliverd,5.350277936359301
revolution,5.350277936359301
together,5.350277936359301
owest,5.350277936359301
tenor,5.350277936359301
restored,5.350277936359301
distemperd,5.350277936359301
sickness,5.350277936359301
proudly,5.350277936359301
pardon,5.350277936359301
wary,5.350277936359301
incapable,5.350277936359301
embassage,5.350277936359301
inviting,5.350277936359301
lord,5.350277936359301
aright,5.350277936359301
beds,5.350277936359301
sang,5.350277936359301
weigh,5.350277936359301
determinate,5.350277936359301
jaws,5.350277936359301
lace,5.350277936359301
odours,5.350277936359301
buriest,5.350277936359301
thinly,5.350277936359301
servant,5.350277936359301
gaudy,5.350277936359301
hurt,5.350277936359301
liquid,5.350277936359301
remote,5.350277936359301
jump,5.350277936359301
fullness,5.350277936359301
soil,5.350277936359301
certain,5.350277936359301
weakens,5.350277936359301
sky,5.350277936359301
sportive,5.350277936359301
clay,5.350277936359301
cut,5.350277936359301
intend,5.350277936359301
valleyfountain,5.350277936359301
quietus,5.350277936359301
featherd,5.350277936359301
pierced,5.350277936359301
special,5.350277936359301
physician,5.350277936359301
doublevantage,5.350277936359301
utmost,5.350277936359301
gazing,5.350277936359301
richer,5.350277936359301
couldst,5.350277936359301
sadly,5.350277936359301
bower,5.350277936359301
stelld,5.350277936359301
pomp,5.350277936359301
array,5.350277936359301
falsely,5.350277936359301
deserving,5.350277936359301
dying,5.350277936359301
forgetful,5.350277936359301
conquerd,5.350277936359301
moods,5.350277936359301
backward,5.350277936359301
deceivest,5.350277936359301
moiety,5.350277936359301
blessing,5.350277936359301
maid,5.350277936359301
loathsome,5.350277936359301
lourst,5.350277936359301
bliss,5.350277936359301
impression,5.350277936359301
uneard,5.350277936359301
idly,5.350277936359301
steep,5.350277936359301
seals,5.350277936359301
curious,5.350277936359301
kindhearted,5.350277936359301
rite,5.350277936359301
wrongfully,5.350277936359301
adding,5.350277936359301
runnst,5.350277936359301
mar,5.350277936359301
hanging,5.350277936359301
warning,5.350277936359301
affections,5.350277936359301
denote,5.350277936359301
builded,5.350277936359301
oerpressd,5.350277936359301
alteration,5.350277936359301
torments,5.350277936359301
vermilion,5.350277936359301
wing,5.350277936359301
gently,5.350277936359301
painful,5.350277936359301
battering,5.350277936359301
featureless,5.350277936359301
forests,5.350277936359301
bier,5.350277936359301
foist,5.350277936359301
forty,5.350277936359301
idol,5.350277936359301
ugly,5.350277936359301
leases,5.350277936359301
censures,5.350277936359301
spread,5.350277936359301
mightest,5.350277936359301
beguiled,5.350277936359301
strangle,5.350277936359301
warrantize,5.350277936359301
ruth,5.350277936359301
become,5.350277936359301
sympathized,5.350277936359301
cheater,5.350277936359301
towers,5.350277936359301
overplus,5.350277936359301
purposed,5.350277936359301
ripe,5.350277936359301
proudest,5.350277936359301
written,5.350277936359301
writes,5.350277936359301
devouring,5.350277936359301
oblation,5.350277936359301
stamp,5.350277936359301
drowns,5.350277936359301
exceeded,5.350277936359301
oerlook,5.350277936359301
contains,5.350277936359301
excess,5.350277936359301
afterwards,5.350277936359301
rather,5.350277936359301
mended,5.350277936359301
gildst,5.350277936359301
impair,5.350277936359301
governs,5.350277936359301
chase,5.350277936359301
sweetst,5.350277936359301
luck,5.350277936359301
consumed,5.350277936359301
provide,5.350277936359301
mistaking,5.350277936359301
deepsunken,5.350277936359301
awake,5.350277936359301
unrest,5.350277936359301
issueless,5.350277936359301
dart,5.350277936359301
varying,5.350277936359301
astonished,5.350277936359301
orient,5.350277936359301
error,5.350277936359301
gainer,5.350277936359301
plants,5.350277936359301
sullied,5.350277936359301
revenge,5.350277936359301
lightst,5.350277936359301
starved,5.350277936359301
defense,5.350277936359301
sleeping,5.350277936359301
ragged,5.350277936359301
badness,5.350277936359301
enmity,5.350277936359301
dispraise,5.350277936359301
lets,5.350277936359301
impregnable,5.350277936359301
repay,5.350277936359301
outbraves,5.350277936359301
bends,5.350277936359301
savour,5.350277936359301
wanderst,5.350277936359301
doctorlike,5.350277936359301
lying,5.350277936359301
wakend,5.350277936359301
illused,5.350277936359301
uplocked,5.350277936359301
longing,5.350277936359301
newappearing,5.350277936359301
hidden,5.350277936359301
already,5.350277936359301
settled,5.350277936359301
anticipate,5.350277936359301
thrusts,5.350277936359301
hoisted,5.350277936359301
bereft,5.350277936359301
unions,5.350277936359301
youve,5.350277936359301
voice,5.350277936359301
delves,5.350277936359301
seconds,5.350277936359301
appetites,5.350277936359301
ruin,5.350277936359301
buy,5.350277936359301
nerves,5.350277936359301
robe,5.350277936359301
minion,5.350277936359301
flourish,5.350277936359301
lame,5.350277936359301
destroys,5.350277936359301
gusts,5.350277936359301
frequent,5.350277936359301
disperse,5.350277936359301
unworthiness,5.350277936359301
dians,5.350277936359301
despising,5.350277936359301
commanded,5.350277936359301
marriage,5.350277936359301
travelld,5.350277936359301
remains,5.350277936359301
sometimes,5.350277936359301
condemned,5.350277936359301
drunk,5.350277936359301
purge,5.350277936359301
earthly,5.350277936359301
centre,5.350277936359301
illwresting,5.350277936359301
hallowd,5.350277936359301
viewest,5.350277936359301
suppose,5.350277936359301
blots,5.350277936359301
sought,5.350277936359301
treason,5.350277936359301
seething,5.350277936359301
extant,5.350277936359301
resurvey,5.350277936359301
kingdoms,5.350277936359301
foison,5.350277936359301
thanks,5.350277936359301
hooks,5.350277936359301
sigh,5.350277936359301
boat,5.350277936359301
verses,5.350277936359301
mans,5.350277936359301
newfangled,5.350277936359301
unbless,5.350277936359301
beshrew,5.350277936359301
wreckful,5.350277936359301
import,5.350277936359301
famoused,5.350277936359301
bevel,5.350277936359301
heats,5.350277936359301
abundant,5.350277936359301
permit,5.350277936359301
flown,5.350277936359301
harmful,5.350277936359301
bait,5.350277936359301
reckond,5.350277936359301
brains,5.350277936359301
succeeding,5.350277936359301
testy,5.350277936359301
disarmd,5.350277936359301
strengths,5.350277936359301
acceptable,5.350277936359301
youngly,5.350277936359301
closure,5.350277936359301
kingly,5.350277936359301
savage,5.350277936359301
services,5.350277936359301
fleshin,5.350277936359301
truant,5.350277936359301
throned,5.350277936359301
vaunt,5.350277936359301
clears,5.350277936359301
slandering,5.350277936359301
aggravate,5.350277936359301
feathers,5.350277936359301
mourning,5.350277936359301
freezings,5.350277936359301
moment,5.350277936359301
selfexample,5.350277936359301
confounded,5.350277936359301
correspondence,5.350277936359301
faring,5.350277936359301
monuments,5.350277936359301
shamefully,5.350277936359301
publish,5.350277936359301
mounted,5.350277936359301
presenteth,5.350277936359301
medicine,5.350277936359301
modern,5.350277936359301
disease,5.350277936359301
wilfulness,5.350277936359301
abysm,5.350277936359301
reeks,5.350277936359301
situation,5.350277936359301
prevailed,5.350277936359301
untrimmd,5.350277936359301
eloquence,5.350277936359301
thriftless,5.350277936359301
rebuked,5.350277936359301
hopes,5.350277936359301
truetelling,5.350277936359301
duty,5.350277936359301
instant,5.350277936359301
bodies,5.350277936359301
farewell,5.350277936359301
limping,5.350277936359301
freedom,5.350277936359301
bases,5.350277936359301
inhearse,5.350277936359301
dignifies,5.350277936359301
glowing,5.350277936359301
rising,5.350277936359301
tempests,5.350277936359301
brightness,5.350277936359301
arrest,5.350277936359301
wrinkle,5.350277936359301
waning,5.350277936359301
big,5.350277936359301
predict,5.350277936359301
amends,5.350277936359301
dun,5.350277936359301
ornaments,5.350277936359301
teachest,5.350277936359301
unfolding,5.350277936359301
rid,5.350277936359301
low,5.350277936359301
wherewith,5.350277936359301
torn,5.350277936359301
separation,5.350277936359301
franticmad,5.350277936359301
neercloying,5.350277936359301
breasts,5.350277936359301
presentabsent,5.350277936359301
tall,5.350277936359301
list,5.350277936359301
perceived,5.350277936359301
lovekindling,5.350277936359301
filching,5.350277936359301
tenants,5.350277936359301
deface,5.350277936359301
swerving,5.350277936359301
knights,5.350277936359301
enfeebled,5.350277936359301
enlighten,5.350277936359301
desiring,5.350277936359301
meadows,5.350277936359301
hatred,5.350277936359301
behavior,5.350277936359301
vices,5.350277936359301
wounded,5.350277936359301
warm,5.350277936359301
betwixt,5.350277936359301
vowd,5.350277936359301
ransoms,5.350277936359301
respects,5.350277936359301
staineth,5.350277936359301
aloft,5.350277936359301
afloat,5.350277936359301
east,5.350277936359301
unperfect,5.350277936359301
rent,5.350277936359301
wombs,5.350277936359301
insults,5.350277936359301
deserves,5.350277936359301
contents,5.350277936359301
invocate,5.350277936359301
forgive,5.350277936359301
grey,5.350277936359301
begin,5.350277936359301
wanton,5.350277936359301
quenched,5.350277936359301
tincture,5.350277936359301
hap,5.350277936359301
sits,5.350277936359301
withering,5.350277936359301
siren,5.350277936359301
enrich,5.350277936359301
waking,5.350277936359301
victor,5.350277936359301
sees,5.350277936359301
losses,5.350277936359301
hems,5.350277936359301
budding,5.350277936359301
confounding,5.350277936359301
assistance,5.350277936359301
writers,5.350277936359301
shorn,5.350277936359301
dissuade,5.350277936359301
mournful,5.350277936359301
imitated,5.350277936359301
stern,5.350277936359301
blessings,5.350277936359301
merits,5.350277936359301
believed,5.350277936359301
drops,5.350277936359301
sauces,5.350277936359301
tribes,5.350277936359301
sooner,5.350277936359301
swayst,5.350277936359301
beard,5.350277936359301
yea,5.350277936359301
shop,5.350277936359301
sorry,5.350277936359301
pupil,5.350277936359301
lilies,5.350277936359301
surmise,5.350277936359301
honest,5.350277936359301
aye,5.350277936359301
quickly,5.350277936359301
consent,5.350277936359301
top,5.350277936359301
unto,5.350277936359301
exceeds,5.350277936359301
hateth,5.350277936359301
keepst,5.350277936359301
effectually,5.350277936359301
crave,5.350277936359301
undivided,5.350277936359301
featured,5.350277936359301
clerk,5.350277936359301
stampd,5.350277936359301
spends,5.350277936359301
rarities,5.350277936359301
fiery,5.350277936359301
apparel,5.350277936359301
defects,5.350277936359301
guides,5.350277936359301
actor,5.350277936359301
closet,5.350277936359301
throw,5.350277936359301
easy,5.350277936359301
toward,5.350277936359301
lean,5.350277936359301
critic,5.350277936359301
oercharged,5.350277936359301
instinct,5.350277936359301
exceed,5.350277936359301
cheered,5.350277936359301
swartcomplexiond,5.350277936359301
slumbers,5.350277936359301
frownst,5.350277936359301
pray,5.350277936359301
expiate,5.350277936359301
highmost,5.350277936359301
impart,5.350277936359301
outstrippd,5.350277936359301
bay,5.350277936359301
active,5.350277936359301
print,5.350277936359301
smiling,5.350277936359301
vice,5.350277936359301
largess,5.350277936359301
forged,5.350277936359301
filed,5.350277936359301
silverd,5.350277936359301
greeing,5.350277936359301
expired,5.350277936359301
monarchs,5.350277936359301
dressing,5.350277936359301
lacking,5.350277936359301
nurse,5.350277936359301
children,5.350277936359301
patient,5.350277936359301
dispatch,5.350277936359301
alike,5.350277936359301
chaste,5.350277936359301
food,5.350277936359301
bough,5.350277936359301
pointing,5.350277936359301
altering,5.350277936359301
smother,5.350277936359301
stretched,5.350277936359301
discourse,5.350277936359301
trophies,5.350277936359301
wild,5.350277936359301
muses,5.350277936359301
cools,5.350277936359301
idolatry,5.350277936359301
rights,5.350277936359301
shady,5.350277936359301
alter,5.350277936359301
depend,5.350277936359301
eisel,5.350277936359301
profound,5.350277936359301
hawks,5.350277936359301
fearing,5.350277936359301
forebemoaned,5.350277936359301
virgin,5.350277936359301
spot,5.350277936359301
draind,5.350277936359301
stout,5.350277936359301
uncertain,5.350277936359301
lamb,5.350277936359301
loan,5.350277936359301
melancholy,5.350277936359301
case,5.350277936359301
marjoram,5.350277936359301
crests,5.350277936359301
oergreen,5.350277936359301
gazeth,5.350277936359301
weight,5.350277936359301
fly,5.350277936359301
admit,5.350277936359301
gentlest,5.350277936359301
extreme,5.350277936359301
dearly,5.350277936359301
bravery,5.350277936359301
stormbeaten,5.350277936359301
usest,5.350277936359301
complain,5.350277936359301
lockd,5.350277936359301
favourites,5.350277936359301
sword,5.350277936359301
threefold,5.350277936359301
yellowd,5.350277936359301
reproach,5.350277936359301
desperate,5.350277936359301
fuel,5.350277936359301
vilest,5.350277936359301
lifts,5.350277936359301
wishd,5.350277936359301
maturity,5.350277936359301
nearly,5.350277936359301
arising,5.350277936359301
youths,5.350277936359301
wondering,5.350277936359301
gains,5.350277936359301
seeking,5.350277936359301
staind,5.350277936359301
dreaming,5.350277936359301
extern,5.350277936359301
politic,5.350277936359301
hair,5.350277936359301
scoped,5.350277936359301
misplaced,5.350277936359301
anger,5.350277936359301
register,5.350277936359301
linger,5.350277936359301
tyrannous,5.350277936359301
gluttoning,5.350277936359301
theft,5.350277936359301
dig,5.350277936359301
disabled,5.350277936359301
followd,5.350277936359301
building,5.350277936359301
livery,5.350277936359301
sessions,5.350277936359301
shifting,5.350277936359301
striving,5.350277936359301
dwells,5.350277936359301
suffers,5.350277936359301
blenches,5.350277936359301
spacious,5.350277936359301
directed,5.350277936359301
profane,5.350277936359301
limbs,5.350277936359301
particulars,5.350277936359301
chose,5.350277936359301
compeers,5.350277936359301
steepup,5.350277936359301
fleeting,5.350277936359301
secret,5.350277936359301
fort,5.350277936359301
ignorance,5.350277936359301
vision,5.350277936359301
female,5.350277936359301
whoever,5.350277936359301
won,5.350277936359301
debarrd,5.350277936359301
blunter,5.350277936359301
unmoved,5.350277936359301
third,5.350277936359301
mountaintops,5.350277936359301
restore,5.350277936359301
tables,5.350277936359301
admitted,5.350277936359301
saying,5.350277936359301
prizing,5.350277936359301
seald,5.350277936359301
legacy,5.350277936359301
neck,5.350277936359301
limbecks,5.350277936359301
homage,5.350277936359301
helens,5.350277936359301
wilful,5.350277936359301
twire,5.350277936359301
wherethrough,5.350277936359301
departest,5.350277936359301
naming,5.350277936359301
dregs,5.350277936359301
mow,5.350277936359301
prefiguring,5.350277936359301
counterpart,5.350277936359301
divert,5.350277936359301
scandal,5.350277936359301
prayers,5.350277936359301
enjoyd,5.350277936359301
missd,5.350277936359301
affable,5.350277936359301
crowning,5.350277936359301
figured,5.350277936359301
enjoy,5.350277936359301
jacks,5.350277936359301
taker,5.350277936359301
busy,5.350277936359301
beated,5.350277936359301
resemble,5.350277936359301
consecrate,5.350277936359301
flow,5.350277936359301
threescore,5.350277936359301
entertain,5.350277936359301
attainted,5.350277936359301
beweep,5.350277936359301
crushd,5.350277936359301
receipt,5.350277936359301
authorizing,5.350277936359301
prickd,5.350277936359301
decembers,5.350277936359301
sole,5.350277936359301
servants,5.350277936359301
erred,5.350277936359301
banks,5.350277936359301
mastermistress,5.350277936359301
afford,5.350277936359301
weakness,5.350277936359301
oertake,5.350277936359301
religious,5.350277936359301
elipses,5.350277936359301
forced,5.350277936359301
persuade,5.350277936359301
act,5.350277936359301
truest,5.350277936359301
suretylike,5.350277936359301
jade,5.350277936359301
essays,5.350277936359301
breach,5.350277936359301
records,5.350277936359301
page,5.350277936359301
beseige,5.350277936359301
tresses,5.350277936359301
mightier,5.350277936359301
neverresting,5.350277936359301
greatest,5.350277936359301
compiled,5.350277936359301
bed,5.350277936359301
images,5.350277936359301
devised,5.350277936359301
paid,5.350277936359301
points,5.350277936359301
rearward,5.350277936359301
selfkilld,5.350277936359301
enjoys,5.350277936359301
ladies,5.350277936359301
askance,5.350277936359301
grind,5.350277936359301
rigor,5.350277936359301
creating,5.350277936359301
contend,5.350277936359301
woeful,5.350277936359301
simply,5.350277936359301
prophetic,5.350277936359301
frank,5.350277936359301
determined,5.350277936359301
herein,5.350277936359301
table,5.350277936359301
befits,5.350277936359301
makeless,5.350277936359301
familiar,5.350277936359301
crawls,5.350277936359301
slavery,5.350277936359301
flatterd,5.350277936359301
workings,5.350277936359301
hymn,5.350277936359301
captive,5.350277936359301
amazeth,5.350277936359301
alters,5.350277936359301
tigers,5.350277936359301
equipage,5.350277936359301
whos,5.350277936359301
decrees,5.350277936359301
usury,5.350277936359301
cankerblooms,5.350277936359301
grievances,5.350277936359301
thank,5.350277936359301
temperate,5.350277936359301
profitless,5.350277936359301
latch,5.350277936359301
pleasures,5.350277936359301
applying,5.350277936359301
grossly,5.350277936359301
duteous,5.350277936359301
playd,5.350277936359301
intermixd,5.350277936359301
assaild,5.350277936359301
salutation,5.350277936359301
fits,5.350277936359301
thats,5.350277936359301
treads,5.350277936359301
lovegod,5.350277936359301
gust,5.350277936359301
misprision,5.350277936359301
burnd,5.350277936359301
able,5.350277936359301
fragrant,5.350277936359301
tripping,5.350277936359301
manys,5.350277936359301
feasts,5.350277936359301
placed,5.350277936359301
preserve,5.350277936359301
suppressd,5.350277936359301
stealth,5.350277936359301
overpartial,5.350277936359301
putst,5.350277936359301
external,5.350277936359301
victors,5.350277936359301
broken,5.350277936359301
brows,5.350277936359301
goes,5.350277936359301
olives,5.350277936359301
heard,5.350277936359301
contrary,5.350277936359301
millions,5.350277936359301
interim,5.350277936359301
untold,5.350277936359301
onwards,5.350277936359301
transfix,5.350277936359301
corrupting,5.350277936359301
cheer,5.350277936359301
wandering,5.350277936359301
resent,5.350277936359301
doting,5.350277936359301
pursuing,5.350277936359301
brag,5.350277936359301
league,5.350277936359301
lesson,5.350277936359301
erst,5.350277936359301
shapes,5.350277936359301
alloblivious,5.350277936359301
carved,5.350277936359301
afar,5.350277936359301
womens,5.350277936359301
perusal,5.350277936359301
aspect,5.350277936359301
awards,5.350277936359301
rocks,5.350277936359301
gatherd,5.350277936359301
heals,5.350277936359301
attaint,5.350277936359301
increasing,5.350277936359301
forgotten,5.350277936359301
unswayd,5.350277936359301
seest,5.350277936359301
toild,5.350277936359301
askd,5.350277936359301
require,5.350277936359301
graciously,5.350277936359301
partly,5.350277936359301
user,5.350277936359301
expressing,5.350277936359301
halt,5.350277936359301
ward,5.350277936359301
reproving,5.350277936359301
stones,5.350277936359301
spies,5.350277936359301
willingly,5.350277936359301
endless,5.350277936359301
nobler,5.350277936359301
wardrobe,5.350277936359301
composition,5.350277936359301
few,5.350277936359301
overturn,5.350277936359301
shallowest,5.350277936359301
ushers,5.350277936359301
consumest,5.350277936359301
trifle,5.350277936359301
swearing,5.350277936359301
reckoning,5.350277936359301
fore,5.350277936359301
embassy,5.350277936359301
straying,5.350277936359301
conscience,5.350277936359301
wherever,5.350277936359301
knit,5.350277936359301
sums,5.350277936359301
salving,5.350277936359301
drown,5.350277936359301
dye,5.350277936359301
rebel,5.350277936359301
longlived,5.350277936359301
possesseth,5.350277936359301
inherit,5.350277936359301
hindmost,5.350277936359301
vanishing,5.350277936359301
eclipse,5.350277936359301
refusest,5.350277936359301
remembered,5.350277936359301
recite,5.350277936359301
thither,5.350277936359301
master,5.350277936359301
distills,5.350277936359301
unhappily,5.350277936359301
barrenly,5.350277936359301
raven,5.350277936359301
ambush,5.350277936359301
breeds,5.350277936359301
motley,5.350277936359301
immured,5.350277936359301
stewards,5.350277936359301
horses,5.350277936359301
leapd,5.350277936359301
impute,5.350277936359301
steepy,5.350277936359301
perish,5.350277936359301
selfloving,5.350277936359301
cherish,5.350277936359301
wrack,5.350277936359301
lengths,5.350277936359301
fingers,5.350277936359301
share,5.350277936359301
madmens,5.350277936359301
run,5.350277936359301
dies,5.350277936359301
proceeds,5.350277936359301
puts,5.350277936359301
unthrifts,5.350277936359301
angry,5.350277936359301
rudest,5.350277936359301
coral,5.350277936359301
inheritors,5.350277936359301
plain,5.350277936359301
judgments,5.350277936359301
crown,5.350277936359301
selfsame,5.350277936359301
watchman,5.350277936359301
playst,5.350277936359301
bird,5.350277936359301
imprint,5.350277936359301
endowd,5.350277936359301
twofold,5.350277936359301
miser,5.350277936359301
countenance,5.350277936359301
kills,5.350277936359301
raised,5.350277936359301
thunder,5.350277936359301
offices,5.350277936359301
appears,5.350277936359301
excusing,5.350277936359301
convert,5.350277936359301
march,5.350277936359301
outright,5.350277936359301
poison,5.350277936359301
drooping,5.350277936359301
beseechers,5.350277936359301
ashes,5.350277936359301
drugs,5.350277936359301
evident,5.350277936359301
fitted,5.350277936359301
progress,5.350277936359301
translate,5.350277936359301
restful,5.350277936359301
touch,5.350277936359301
betterd,5.350277936359301
car,5.350277936359301
brood,5.350277936359301
hugely,5.350277936359301
key,5.350277936359301
satire,5.350277936359301
disposed,5.350277936359301
heed,5.350277936359301
recounting,5.350277936359301
perceive,5.350277936359301
jealousy,5.350277936359301
prouder,5.350277936359301
pebbled,5.350277936359301
devour,5.350277936359301
drinks,5.350277936359301
review,5.350277936359301
trees,5.350277936359301
determination,5.350277936359301
deem,5.350277936359301
wane,5.350277936359301
reigns,5.350277936359301
gazed,5.350277936359301
continual,5.350277936359301
traffic,5.350277936359301
mouthed,5.350277936359301
allege,5.350277936359301
maintain,5.350277936359301
ghost,5.350277936359301
plods,5.350277936359301
sufficed,5.350277936359301
fee,5.350277936359301
foild,5.350277936359301
example,5.350277936359301
resort,5.350277936359301
justify,5.350277936359301
chary,5.350277936359301
solve,5.350277936359301
mud,5.350277936359301
hes,5.350277936359301
debate,5.350277936359301
legions,5.350277936359301
foe,5.350277936359301
adulterate,5.350277936359301
difference,5.350277936359301
directly,5.350277936359301
twilight,5.350277936359301
profit,5.350277936359301
growst,5.350277936359301
rhymers,5.350277936359301
tickled,5.350277936359301
knew,5.350277936359301
mouths,5.350277936359301
dearth,5.350277936359301
excellent,5.350277936359301
delayd,5.350277936359301
fools,5.350277936359301
enforced,5.350277936359301
angel,5.350277936359301
prognosticate,5.350277936359301
four,5.350277936359301
banquet,5.350277936359301
credit,5.350277936359301
creature,5.350277936359301
metre,5.350277936359301
firm,5.350277936359301
lover,5.350277936359301
heartinflaming,5.350277936359301
books,5.350277936359301
accents,5.350277936359301
divided,5.350277936359301
excheckr,5.350277936359301
intents,5.350277936359301
debtor,5.350277936359301
plagues,5.350277936359301
raiment,5.350277936359301
afresh,5.350277936359301
begins,5.350277936359301
patent,5.350277936359301
eyed,5.350277936359301
sheaves,5.350277936359301
wantonness,5.350277936359301
fickle,5.350277936359301
delighted,5.350277936359301
chronicle,5.350277936359301
ruminate,5.350277936359301
shoot,5.350277936359301
authority,5.350277936359301
showing,5.350277936359301
compass,5.350277936359301
tyranny,5.350277936359301
robbing,5.350277936359301
blanks,5.350277936359301
news,5.350277936359301
crowned,5.350277936359301
overgoes,5.350277936359301
limits,5.350277936359301
blesses,5.350277936359301
indirectly,5.350277936359301
besmeard,5.350277936359301
felt,5.350277936359301
subsist,5.350277936359301
sharpst,5.350277936359301
uprear,5.350277936359301
lodged,5.350277936359301
hates,5.350277936359301
nights,5.350277936359301
hush,5.350277936359301
beams,5.350277936359301
neighno,5.350277936359301
cancelld,5.350277936359301
forgoing,5.350277936359301
statute,5.350277936359301
oppression,5.350277936359301
scornd,5.350277936359301
distance,5.350277936359301
ensconce,5.350277936359301
darling,5.350277936359301
confessd,5.350277936359301
dearpurchased,5.350277936359301
immortal,5.350277936359301
remover,5.350277936359301
grieve,5.350277936359301
wantonly,5.350277936359301
ruining,5.350277936359301
over,5.350277936359301
divining,5.350277936359301
unset,5.350277936359301
score,5.350277936359301
fleets,5.350277936359301
saved,5.350277936359301
gems,5.350277936359301
informer,5.350277936359301
masked,5.350277936359301
hits,5.350277936359301
dressd,5.350277936359301
stirrd,5.350277936359301
impiety,5.350277936359301
thralled,5.350277936359301
endured,5.350277936359301
cease,5.350277936359301
dry,5.350277936359301
engrafted,5.350277936359301
votary,5.350277936359301
apple,5.350277936359301
burning,5.350277936359301
breathes,5.350277936359301
bind,5.350277936359301
bestow,5.350277936359301
carry,5.350277936359301
threw,5.350277936359301
deathbed,5.350277936359301
riot,5.350277936359301
sourest,5.350277936359301
purple,5.350277936359301
summon,5.350277936359301
sire,5.350277936359301
deepest,5.350277936359301
purest,5.350277936359301
subtleties,5.350277936359301
tempteth,5.350277936359301
necessary,5.350277936359301
warmd,5.350277936359301
hearing,5.350277936359301
grieved,5.350277936359301
lust,5.350277936359301
figure,5.350277936359301
join,5.350277936359301
wretchs,5.350277936359301
soft,5.350277936359301
pleasant,5.350277936359301
slide,5.350277936359301
morrow,5.350277936359301
tune,5.350277936359301
hasten,5.350277936359301
welfare,5.350277936359301
annoy,5.350277936359301
tombd,5.350277936359301
prescriptions,5.350277936359301
scarlet,5.350277936359301
picture,5.350277936359301
whatsoever,5.350277936359301
bearer,5.350277936359301
oersways,5.350277936359301
hadst,5.350277936359301
zealous,5.350277936359301
recompense,5.350277936359301
ending,5.350277936359301
pitywanting,5.350277936359301
rider,5.350277936359301
perfumed,5.350277936359301
merchandized,5.350277936359301
meant,5.350277936359301
philomel,5.350277936359301
perforce,5.350277936359301
several,5.350277936359301
famishd,5.350277936359301
sicken,5.350277936359301
appearance,5.350277936359301
foolish,5.350277936359301
pearl,5.350277936359301
feasting,5.350277936359301
advocate,5.350277936359301
eased,5.350277936359301
dwellers,5.350277936359301
accident,5.350277936359301
quiet,5.350277936359301
cherubins,5.350277936359301
runs,5.350277936359301
damaskd,5.350277936359301
colourd,5.350277936359301
attend,5.350277936359301
augurs,5.350277936359301
dully,5.350277936359301
oaths,5.350277936359301
phoenix,5.350277936359301
excel,5.350277936359301
ist,5.350277936359301
different,5.350277936359301
dove,5.350277936359301
woes,5.350277936359301
decree,5.350277936359301
queen,5.350277936359301
hearsay,5.350277936359301
transgression,5.350277936359301
changes,5.350277936359301
importune,5.350277936359301
wilfully,5.350277936359301
mercy,5.350277936359301
minded,5.350277936359301
rondure,5.350277936359301
furrows,5.350277936359301
smells,5.350277936359301
choppd,5.350277936359301
blindness,5.350277936359301
poorly,5.350277936359301
region,5.350277936359301
milliond,5.350277936359301
unthrift,5.350277936359301
spheres,5.350277936359301
swallowd,5.350277936359301
feelst,5.350277936359301
unprovident,5.350277936359301
housewife,5.350277936359301
steeld,5.350277936359301
vexd,5.350277936359301
needst,5.350277936359301
fate,5.350277936359301
darkly,5.350277936359301
vowing,5.350277936359301
rosy,5.350277936359301
preposterously,5.350277936359301
wont,5.350277936359301
wellrefined,5.350277936359301
hunted,5.350277936359301
fadeth,5.350277936359301
selfsubstantial,5.350277936359301
curls,5.350277936359301
withal,5.350277936359301
epitaph,5.350277936359301
marble,5.350277936359301
strife,5.350277936359301
refuse,5.350277936359301
denied,5.350277936359301
receive,5.350277936359301
race,5.350277936359301
offend,5.350277936359301
assailed,5.350277936359301
space,5.350277936359301
hated,5.350277936359301
paws,5.350277936359301
early,5.350277936359301
penance,5.350277936359301
woos,5.350277936359301
hardest,5.350277936359301
anchord,5.350277936359301
advised,5.350277936359301
equal,5.350277936359301
gaol,5.350277936359301
translated,5.350277936359301
wooing,5.350277936359301
history,5.350277936359301
faster,5.350277936359301
laws,5.350277936359301
defendant,5.350277936359301
beyond,5.350277936359301
esteeming,5.350277936359301
perfectst,5.350277936359301
paying,5.350277936359301
sighs,5.350277936359301
worthier,5.350277936359301
renew,5.350277936359301
alien,5.350277936359301
universe,5.350277936359301
deserved,5.350277936359301
land,5.350277936359301
answerd,5.350277936359301
tan,5.350277936359301
forward,5.350277936359301
voices,5.350277936359301
kinds,5.350277936359301
languishd,5.350277936359301
slanderd,5.350277936359301
laughd,5.350277936359301
prevent,5.350277936359301
distillation,5.350277936359301
compounded,5.350277936359301
reignd,5.350277936359301
seldom,5.350277936359301
adieu,5.350277936359301
swears,5.350277936359301
thrivers,5.350277936359301
indeed,5.350277936359301
admiring,5.350277936359301
unwood,5.350277936359301
mars,5.350277936359301
contain,5.350277936359301
charge,5.350277936359301
wars,5.350277936359301
late,5.350277936359301
blunting,5.350277936359301
noon,5.350277936359301
feeble,5.350277936359301
yourselfs,5.350277936359301
kingdom,5.350277936359301
enclose,5.350277936359301
fawn,5.350277936359301
unletterd,5.350277936359301
watery,5.350277936359301
teeth,5.350277936359301
convertest,5.350277936359301
rents,5.350277936359301
vantage,5.350277936359301
receiving,5.350277936359301
wreckd,5.350277936359301
swiftfooted,5.350277936359301
known,5.350277936359301
unthrifty,5.350277936359301
glutton,5.350277936359301
likeness,5.350277936359301
welltuned,5.350277936359301
dreading,5.350277936359301
resty,5.350277936359301
poesy,5.350277936359301
whereupon,5.350277936359301
purging,5.350277936359301
fresher,5.350277936359301
releasing,5.350277936359301
trim,5.350277936359301
pitiful,5.350277936359301
define,5.350277936359301
wires,5.350277936359301
covetous,5.350277936359301
unseeing,5.350277936359301
adore,5.350277936359301
chiding,5.350277936359301
stickst,5.350277936359301
refigured,5.350277936359301
spites,5.350277936359301
posting,5.350277936359301
acknowledge,5.350277936359301
garments,5.350277936359301
worser,5.350277936359301
statues,5.350277936359301
slept,5.350277936359301
sufferance,5.350277936359301
revenues,5.350277936359301
pry,5.350277936359301
leese,5.350277936359301
elder,5.350277936359301
detain,5.350277936359301
madness,5.350277936359301
owes,5.350277936359301
unjust,5.350277936359301
suffered,5.350277936359301
hues,5.350277936359301
answers,5.350277936359301
amen,5.350277936359301
faculty,5.350277936359301
fairly,5.350277936359301
woo,5.350277936359301
yore,5.350277936359301
prison,5.350277936359301
compared,5.350277936359301
glorious,5.350277936359301
enjoyer,5.350277936359301
tear,5.350277936359301
bootless,5.350277936359301
roof,5.350277936359301
wife,5.350277936359301
frowns,5.350277936359301
onset,5.350277936359301
physicians,5.350277936359301
hers,5.350277936359301
interchange,5.350277936359301
descriptions,5.350277936359301
learnd,5.350277936359301
shamed,5.350277936359301
perhaps,5.350277936359301
hill,5.350277936359301
cupid,5.350277936359301
relief,5.350277936359301
impeachd,5.350277936359301
cheap,5.350277936359301
whit,5.350277936359301
press,5.350277936359301
incertainties,5.350277936359301
betraying,5.350277936359301
gifts,5.350277936359301
mistake,5.350277936359301
rhetoric,5.350277936359301
broad,5.350277936359301
visage,5.350277936359301
correct,5.350277936359301
transferrd,5.350277936359301
conspire,5.350277936359301
newfired,5.350277936359301
arise,5.350277936359301
acceptance,5.350277936359301
consider,5.350277936359301
robbd,5.350277936359301
imaginary,5.350277936359301
hied,5.350277936359301
oblivion,5.350277936359301
strengthend,5.350277936359301
firstborn,5.350277936359301
dearths,5.350277936359301
engrossd,5.350277936359301
fed,5.350277936359301
nine,5.350277936359301
boughs,5.350277936359301
springs,5.350277936359301
defaced,5.350277936359301
afterloss,5.350277936359301
creep,5.350277936359301
showst,5.350277936359301
qualify,5.350277936359301
subscribes,5.350277936359301
enlarged,5.350277936359301
stormy,5.350277936359301
accessary,5.350277936359301
steals,5.350277936359301
counted,5.350277936359301
registers,5.350277936359301
commence,5.350277936359301
shortnumberd,5.350277936359301
promise,5.350277936359301
climbd,5.350277936359301
astronomy,5.350277936359301
decrease,5.350277936359301
selfdoing,5.350277936359301
sharp,5.350277936359301
deaf,5.350277936359301
went,5.350277936359301
poisond,5.350277936359301
girded,5.350277936359301
incertainty,5.350277936359301
beggard,5.350277936359301
streams,5.350277936359301
party,5.350277936359301
lifes,5.350277936359301
bond,5.350277936359301
habit,5.350277936359301
unswept,5.350277936359301
admired,5.350277936359301
harsh,5.350277936359301
eclipses,5.350277936359301
oerread,5.350277936359301
gate,5.350277936359301
oersnowd,5.350277936359301
admire,5.350277936359301
retention,5.350277936359301
term,5.350277936359301
mortgaged,5.350277936359301
nourishd,5.350277936359301
proves,5.350277936359301
quality,5.350277936359301
spoil,5.350277936359301
breathers,5.350277936359301
dates,5.350277936359301
bewailed,5.350277936359301
mortality,5.350277936359301
fruit,5.350277936359301
wet,5.350277936359301
ghastly,5.350277936359301
suited,5.350277936359301
fury,5.350277936359301
otis,5.350277936359301
dross,5.350277936359301
simplicity,5.350277936359301
assemble,5.350277936359301
nymphs,5.350277936359301
lilys,5.350277936359301
lip,5.350277936359301
finger,5.350277936359301
heinous,5.350277936359301
frailer,5.350277936359301
ordering,5.350277936359301
sell,5.350277936359301
strikes,5.350277936359301
disdains,5.350277936359301
stays,5.350277936359301
naked,5.350277936359301
honey,5.350277936359301
inhabit,5.350277936359301
wilfulslow,5.350277936359301
abused,5.350277936359301
methods,5.350277936359301
owe,5.350277936359301
defeated,5.350277936359301
sharpend,5.350277936359301
impanneled,5.350277936359301
imperfect,5.350277936359301
blazon,5.350277936359301
gravity,5.350277936359301
painter,5.350277936359301
compound,5.350277936359301
prone,5.350277936359301
achieve,5.350277936359301
boundless,5.350277936359301
tenth,5.350277936359301
describe,5.350277936359301
pyramids,5.350277936359301
twenty,5.350277936359301
gored,5.350277936359301
suggest,5.350277936359301
burthens,5.350277936359301
solemn,5.350277936359301
presume,5.350277936359301
terms,5.350277936359301
appeal,5.350277936359301
coward,5.350277936359301
separable,5.350277936359301
dulling,5.350277936359301
deservest,5.350277936359301
crossd,5.350277936359301
themes,5.350277936359301
manner,5.350277936359301
surmount,5.350277936359301
forwards,5.350277936359301
lambs,5.350277936359301
herself,5.350277936359301
annexd,5.350277936359301
mountain,5.350277936359301
vengeful,5.350277936359301
glazed,5.350277936359301
hearst,5.350277936359301
phrase,5.350277936359301
lameness,5.350277936359301
devil,5.350277936359301
guilded,5.350277936359301
meditation,5.350277936359301
clean,5.350277936359301
dedicated,5.350277936359301
husbands,5.350277936359301
accumulate,5.350277936359301
soundless,5.350277936359301
adoting,5.350277936359301
chance,5.350277936359301
cup,5.350277936359301
forgetfulness,5.350277936359301
conceald,5.350277936359301
fairing,5.350277936359301
confess,5.350277936359301
blush,5.350277936359301
forsaken,5.350277936359301
costly,5.350277936359301
entombed,5.350277936359301
feature,5.350277936359301
marvel,5.350277936359301
falls,5.350277936359301
herd,5.350277936359301
preventst,5.350277936359301
untutord,5.350277936359301
darkness,5.350277936359301
couplement,5.350277936359301
process,5.350277936359301
teeming,5.350277936359301
rainy,5.350277936359301
nursed,5.350277936359301
whole,5.350277936359301
choirs,5.350277936359301
perceivest,5.350277936359301
hundred,5.350277936359301
dyers,5.350277936359301
confine,5.350277936359301
monsters,5.350277936359301
deserve,5.350277936359301
harder,5.350277936359301
aprils,5.350277936359301
lesser,5.350277936359301
fountains,5.350277936359301
presagers,5.350277936359301
imitate,5.350277936359301
paper,5.350277936359301
churls,5.350277936359301
front,5.350277936359301
society,5.350277936359301
celestial,5.350277936359301
dress,5.350277936359301
proceed,5.350277936359301
limit,5.350277936359301
get,5.350277936359301
labouring,5.350277936359301
about,5.350277936359301
charged,5.350277936359301
matcheth,5.350277936359301
hard,5.350277936359301
gladly,5.350277936359301
walk,5.350277936359301
mightst,5.350277936359301
until,5.350277936359301
widows,5.350277936359301
alleating,5.350277936359301
sickly,5.350277936359301
bearst,5.350277936359301
slay,5.350277936359301
hides,5.350277936359301
shifts,5.350277936359301
victories,5.350277936359301
indigest,5.350277936359301
livesuch,5.350277936359301
exchanged,5.350277936359301
rightly,5.350277936359301
mixd,5.350277936359301
bones,5.350277936359301
choose,5.350277936359301
loveliness,5.350277936359301
selling,5.350277936359301
drudge,5.350277936359301
meetness,5.350277936359301
dreams,5.350277936359301
foregone,5.350277936359301
habitation,5.350277936359301
gait,5.350277936359301
telling,5.350277936359301
darkening,5.350277936359301
unstained,5.350277936359301
presentst,5.350277936359301
declines,5.350277936359301
everfixed,5.350277936359301
presents,5.350277936359301
impediments,5.350277936359301
adverse,5.350277936359301
rudely,5.350277936359301
unfair,5.350277936359301
granting,5.350277936359301
needing,5.350277936359301
fulfil,5.350277936359301
sober,5.350277936359301
compile,5.350277936359301
plight,5.350277936359301
supposing,5.350277936359301
iniquity,5.350277936359301
goodly,5.350277936359301
unlearned,5.350277936359301
happies,5.350277936359301
niggarding,5.350277936359301
service,5.350277936359301
dignified,5.350277936359301
decayd,5.350277936359301
seal,5.350277936359301
penury,5.350277936359301
herald,5.350277936359301
spoils,5.350277936359301
snow,5.350277936359301
insufficiency,5.350277936359301
forgetst,5.350277936359301
tombs,5.350277936359301
feed,5.350277936359301
follows,5.350277936359301
dressings,5.350277936359301
fester,5.350277936359301
ranks,5.350277936359301
defeat,5.350277936359301
office,5.350277936359301
warrior,5.350277936359301
dignity,5.350277936359301
worldwithoutend,5.350277936359301
forbidden,5.350277936359301
object,5.350277936359301
entitled,5.350277936359301
honouring,5.350277936359301
characterd,5.350277936359301
touchd,5.350277936359301
derive,5.350277936359301
jollity,5.350277936359301
perspective,5.350277936359301
vacant,5.350277936359301
redeem,5.350277936359301
bristly,5.350277936359301
dial,5.350277936359301
partake,5.350277936359301
abuses,5.350277936359301
tempting,5.350277936359301
dialhand,5.350277936359301
rough,5.350277936359301
untainted,5.350277936359301
befriends,5.350277936359301
tannd,5.350277936359301
singleness,5.350277936359301
reckon,5.350277936359301
doubt,5.350277936359301
provoke,5.350277936359301
passion,5.350277936359301
woods,5.350277936359301
infants,5.350277936359301
function,5.350277936359301
rack,5.350277936359301
papers,5.350277936359301
feedst,5.350277936359301
bankrupt,5.350277936359301
besiege,5.350277936359301
pourst,5.350277936359301
tract,5.350277936359301
titles,5.350277936359301
wake,5.350277936359301
plot,5.350277936359301
overthrow,5.350277936359301
beautiful,5.350277936359301
badges,5.350277936359301
peep,5.350277936359301
polishd,5.350277936359301
invited,5.350277936359301
wellcontented,5.350277936359301
lovesuit,5.350277936359301
kissing,5.350277936359301
lions,5.350277936359301
diest,5.350277936359301
uphold,5.350277936359301
pipe,5.350277936359301
proclaims,5.350277936359301
commit,5.350277936359301
successive,5.350277936359301
downrazed,5.350277936359301
ceremony,5.350277936359301
stole,5.350277936359301
sold,5.350277936359301
debateth,5.350277936359301
verdict,5.350277936359301
thrust,5.350277936359301
wailing,5.350277936359301
beggar,5.350277936359301
endure,5.350277936359301
dispense,5.350277936359301
childrens,5.350277936359301
chips,5.350277936359301
vial,5.350277936359301
deformedst,5.350277936359301
trimmd,5.350277936359301
weeks,5.350277936359301
blessedfair,5.350277936359301
newfound,5.350277936359301
figures,5.350277936359301
reap,5.350277936359301
theres,5.350277936359301
painters,5.350277936359301
loud,5.350277936359301
firemy,5.350277936359301
flatterer,5.350277936359301
drop,5.350277936359301
powers,5.350277936359301
expire,5.350277936359301
bestowest,5.350277936359301
err,5.350277936359301
move,5.350277936359301
neglected,5.350277936359301
field,5.350277936359301
nativity,5.350277936359301
debt,5.350277936359301
private,5.350277936359301
oerworn,5.350277936359301
seas,5.350277936359301
famine,5.350277936359301
liker,5.350277936359301
gates,5.350277936359301
waiting,5.350277936359301
marigold,5.350277936359301
scarcely,5.350277936359301
sunset,5.350277936359301
sendst,5.350277936359301
subornd,5.350277936359301
seemly,5.350277936359301
succession,5.350277936359301
addeth,5.350277936359301
wondrous,5.350277936359301
vassalage,5.350277936359301
shook,5.350277936359301
weighs,5.350277936359301
defy,5.350277936359301
broils,5.350277936359301
disgraced,5.350277936359301
termd,5.350277936359301
gazers,5.350277936359301
eves,5.350277936359301
renewd,5.350277936359301
sepulchres,5.350277936359301
pitied,5.350277936359301
tires,5.350277936359301
smoke,5.350277936359301
wights,5.350277936359301
signs,5.350277936359301
timebettering,5.350277936359301
hiding,5.350277936359301
reeleth,5.350277936359301
madding,5.350277936359301
bequest,5.350277936359301
unbred,5.350277936359301
wiry,5.350277936359301
strains,5.350277936359301
proposed,5.350277936359301
ills,5.350277936359301
dullness,5.350277936359301
faint,5.350277936359301
sparkling,5.350277936359301
tillage,5.350277936359301
th,5.350277936359301
widow,5.350277936359301
frost,5.350277936359301
parallels,5.350277936359301
try,5.350277936359301
carcanet,5.350277936359301
sweetseasond,5.350277936359301
delivers,5.350277936359301
middle,5.350277936359301
allayd,5.350277936359301
candles,5.350277936359301
boot,5.350277936359301
balmy,5.350277936359301
presage,5.350277936359301
surly,5.350277936359301
veil,5.350277936359301
harvest,5.350277936359301
hounds,5.350277936359301
selfwilld,5.350277936359301
leaving,5.350277936359301
prisoner,5.350277936359301
scanted,5.350277936359301
hairs,5.350277936359301
masonry,5.350277936359301
travail,5.350277936359301
sequent,5.350277936359301
wisdom,5.350277936359301
sluttish,5.350277936359301
graven,5.350277936359301
beguile,5.350277936359301
gulls,5.350277936359301
semblance,5.350277936359301
endeared,5.350277936359301
disdaineth,5.350277936359301
invoked,5.350277936359301
quicker,5.350277936359301
always,5.350277936359301
divide,5.350277936359301
watching,5.350277936359301
except,5.350277936359301
nurseth,5.350277936359301
proving,5.350277936359301
cures,5.350277936359301
adders,5.350277936359301
strumpeted,5.350277936359301
strained,5.350277936359301
misuse,5.350277936359301
civil,5.350277936359301
splendor,5.350277936359301
proudpied,5.350277936359301
random,5.350277936359301
distraction,5.350277936359301
wellseeing,5.350277936359301
bell,5.350277936359301
bedvow,5.350277936359301
sickle,5.350277936359301
cured,5.350277936359301
spurring,5.350277936359301
task,5.350277936359301
winged,5.350277936359301
waves,5.350277936359301
saturn,5.350277936359301
stopped,5.350277936359301
forlorn,5.350277936359301
measured,5.350277936359301
ranged,5.350277936359301
beseem,5.350277936359301
saith,5.350277936359301
outcast,5.350277936359301
outgoing,5.350277936359301
songs,5.350277936359301
abhor,5.350277936359301
purity,5.350277936359301
hammerd,5.350277936359301
prophecies,5.350277936359301
pictured,5.350277936359301
sunk,5.350277936359301
bar,5.350277936359301
trifles,5.350277936359301
lily,5.350277936359301
grecian,5.350277936359301
awakes,5.350277936359301
tenderd,5.350277936359301
suffering,5.350277936359301
guilt,5.350277936359301
eager,5.350277936359301
slanders,5.350277936359301
goest,5.350277936359301
silver,5.350277936359301
sides,5.350277936359301
richly,5.350277936359301
learneds,5.350277936359301
decrepit,5.350277936359301
house,5.350277936359301
uttering,5.350277936359301
lap,5.350277936359301
widowd,5.350277936359301
carve,5.350277936359301
jealous,5.350277936359301
groans,5.350277936359301
sinks,5.350277936359301
string,5.350277936359301
extremity,5.350277936359301
tied,5.350277936359301
senses,5.350277936359301
pleased,5.350277936359301
whoeer,5.350277936359301
miracle,5.350277936359301
sickles,5.350277936359301
older,5.350277936359301
map,5.350277936359301
subdued,5.350277936359301
worthiness,5.350277936359301
revolt,5.350277936359301
estimate,5.350277936359301
heretic,5.350277936359301
crying,5.350277936359301
bids,5.350277936359301
saint,5.350277936359301
sheds,5.350277936359301
intelligence,5.350277936359301
gardens,5.350277936359301
orphans,5.350277936359301
surfeit,5.350277936359301
composed,5.350277936359301
executor,5.350277936359301
renewest,5.350277936359301
dials,5.350277936359301
slanderers,5.350277936359301
reviewest,5.350277936359301
wishing,5.350277936359301
spendst,5.350277936359301
